AgentID,FirstName,LastName,DOB,Gender,salary,DrivingLicenseNo,Description,State,City,Street,ApartmentNo,Pincode,Landmark,EmailAddress,PhoneNumber1,PhoneNumber2,BankAC_No,IFSC_Code,UPI_ID
1,Way,Kohrsen,1974-02-03,Male,10839,HD4718,Devolved responsive alliance,New York,New York City,02 Novick Point,85,10270,near Metro,wkohrsen0@cbc.ca,+1-917-326-8165,,383206,CWD3507,383206@CWD3507
2,Christie,Mengo,1998-05-23,Female,12726,PQ8930,Implemented clear-thinking open system,Delaware,Wilmington,608 Walton Road,33,19897,,cmengo1@uiuc.edu,+1-302-466-0546,,761164,FMW6292,761164@FMW6292
3,Heywood,Fazakerley,1964-02-18,Female,12856,CU8439,Extended exuding support,Indiana,Indianapolis,46392 Chinook Court,20,46216,near Daily Market entry,hfazakerley2@businessinsider.com,+1-317-581-0484,,553359,IPN5377,553359@IPN5377
4,Mureil,Bewsy,1993-10-02,Other,14115,NK3334,Stand-alone didactic support,North Carolina,Greensboro,719 Merry Way,33,27409,,mbewsy3@youtu.be,+1-336-184-4672,,817014,ZJU2650,817014@ZJU2650
5,Janeczka,Ivchenko,1994-07-02,Female,10615,OL6813,Balanced global flexibility,Indiana,Fort Wayne,64751 Ohio Lane,82,46852,near Red light,jivchenko4@amazon.co.uk,+1-260-578-3479,,753669,WL1827,753669@WL1827
6,Elsinore,Benns,1985-12-27,Male,10224,SD5626,Self-enabling intangible attitude,Florida,Miami,064 Redwing Trail,70,33190,,ebenns5@sbwire.com,+1-305-637-1224,,960087,RKTQ0568,960087@RKTQ0568
7,Town,Reppaport,1980-12-24,Male,14543,ST6959,Function-based 24 hour application,Florida,Homestead,304 Dunning Park,52,33034,near Red light,treppaport6@ibm.com,+1-305-731-0109,,471526,BE5679,471526@BE5679
8,Gerta,,1993-08-07,Male,11918,OY6906,Ameliorated grid-enabled middleware,Kansas,Shawnee Mission,168 Sunbrook Hill,48,66276,near Daily Market entry,gsukbhans7@desdev.cn,+1-913-658-5968,+1-941-177-5621,102547,JOFV5686,102547@JOFV5686
9,Wendi,Grasha,1969-01-31,Male,10677,JT8049,Face to face solution-oriented architecture,New Jersey,Trenton,41 Michigan Avenue,47,8638,near Red light,wgrasha8@upenn.edu,+1-609-392-9440,,657645,VPVW9873,657645@VPVW9873
10,Elli,Lindblom,1991-04-30,Male,13523,CQ8538,Quality-focused asymmetric protocol,Florida,Gainesville,03409 Susan Alley,90,32605,,elindblom9@accuweather.com,+1-352-246-9941,,886418,WPOR6767,886418@WPOR6767
11,Estrellita,Kerrich,1977-12-29,Male,14018,NC0014,Down-sized scalable approach,Maryland,Baltimore,5 Main Pass,24,21239,,ekerricha@nps.gov,+1-410-940-3557,,235305,SZ3194,235305@SZ3194
12,Berny,Juckes,1986-12-29,Male,14535,NI5387,Ameliorated methodical leverage,Tennessee,Memphis,801 Talmadge Court,58,38143,near School,bjuckesb@hud.gov,+1-901-673-0610,,181151,MDPC4437,181151@MDPC4437
13,Karia,,1982-02-06,Male,10333,WO9261,Compatible eco-centric knowledge base,Texas,Houston,1844 Lakewood Junction,12,77240,near Daily Market entry,kbakerc@cpanel.net,+1-713-679-9690,,967263,GSQM1131,967263@GSQM1131
14,Dick,Crozier,1984-07-19,Other,14966,VA4386,Configurable real-time hardware,Texas,El Paso,30 Sunbrook Road,99,88530,near Daily Market entry,dcrozierd@hugedomains.com,+1-915-980-4991,,721036,SJ3925,721036@SJ3925
15,Koralle,McGlew,1970-05-13,Female,14086,WB6643,Open-source even-keeled moderator,Nevada,Las Vegas,963 Monument Circle,1,89130,,kmcglewe@linkedin.com,+1-702-102-3334,+1-205-931-4736,885082,LM1370,885082@LM1370
16,Harp,O'Henery,1978-04-02,Male,13304,SQ8206,Ameliorated neutral middleware,California,Oakland,96957 Goodland Park,27,94622,near Station,hoheneryf@yahoo.com,+1-510-371-0567,,334541,JI9561,334541@JI9561
17,Ora,Perceval,1970-09-12,Other,10361,KZ6664,Enterprise-wide multi-state budgetary management,Florida,Saint Petersburg,10700 Ruskin Park,41,33705,near Red light,opercevalg@ifeng.com,+1-727-671-9260,+1-989-569-7128,708229,XMDW0093,708229@XMDW0093
18,Felipa,Elsby,1990-06-28,Male,11258,AD7153,Decentralized high-level leverage,Alabama,Birmingham,67 Namekagon Street,60,35279,near School,felsbyh@nydailynews.com,+1-205-162-3504,+1-205-711-1394,947463,IT3688,947463@IT3688
19,Glad,Sabater,1978-06-26,Female,13519,RK5541,Organized optimizing matrix,Georgia,Atlanta,7530 Bellgrove Drive,54,30328,near Daily Market entry,gsabateri@google.de,+1-404-330-4302,,716589,IGZ0053,716589@IGZ0053
20,Keefe,Michelin,1963-03-24,Male,10947,KB6468,Face to face interactive encoding,Pennsylvania,Harrisburg,39 Huxley Crossing,92,17121,near School,kmichelinj@noaa.gov,+1-717-348-2704,,681497,CVF8713,681497@CVF8713
21,Debee,Perch,1994-08-13,Male,14150,IH0404,Synchronised directional archive,Iowa,Des Moines,86 Mockingbird Lane,80,50362,,dperchk@so-net.ne.jp,+1-515-181-7129,,880600,LK0059,880600@LK0059
22,Vinson,Berkowitz,1981-05-16,Male,13505,PX5192,Persevering uniform matrices,South Carolina,Columbia,422 Fremont Circle,40,29208,near School,vberkowitzl@yellowpages.com,+1-803-762-5221,,606408,SYB7169,606408@SYB7169
23,Kirstin,MacKim,1962-01-14,Other,10121,JL0842,Synergistic zero defect moderator,Texas,Houston,8844 Troy Parkway,98,77223,,kmackimm@list-manage.com,+1-713-582-7457,,605449,FEED7160,605449@FEED7160
24,Shanta,Blakely,1976-12-03,Female,13618,ZO0876,Horizontal solution-oriented adapter,Virginia,Richmond,8 Carioca Way,3,23225,,sblakelyn@nyu.edu,+1-804-193-8494,+1-916-824-0084,753068,FNS9353,753068@FNS9353
25,Antonin,Dumpleton,1962-06-04,Male,12229,BY1087,Focused zero defect product,California,Van Nuys,38720 Parkside Park,57,91499,,adumpletono@webnode.com,+1-213-862-2469,,876258,PPV0951,876258@PPV0951
26,Rowe,Lorey,1971-05-03,Female,14752,NN0900,Advanced global matrix,Indiana,Evansville,603 Ridgeway Avenue,68,47732,near Metro,rloreyp@paypal.com,+1-812-763-9321,+1-408-506-4470,914128,TA7669,914128@TA7669
27,Aeriel,McCourt,1964-07-20,Male,10670,SD8476,Optimized web-enabled matrices,Ohio,Springfield,5 Crownhardt Alley,76,45505,,amccourtq@cornell.edu,+1-937-856-4079,,122270,MPM3987,122270@MPM3987
28,Leora,Rosthorn,1977-07-02,Female,11998,HR0896,Devolved coherent capability,Pennsylvania,Philadelphia,17958 Lerdahl Plaza,49,19151,,lrosthornr@myspace.com,+1-610-411-6095,,931854,VKC6573,931854@VKC6573
29,Jacinthe,Benedek,1988-10-14,Male,14328,HN1484,Self-enabling reciprocal function,Virginia,Vienna,1133 Pine View Alley,95,22184,,jbenedeks@bbc.co.uk,+1-571-253-6371,,261310,DY2518,261310@DY2518
30,Aurea,Garrand,1997-10-29,Female,10717,DT1033,Multi-channelled tertiary process improvement,Mississippi,Jackson,4 Ramsey Circle,42,39236,,agarrandt@friendfeed.com,+1-601-714-2189,,178933,SQDE3796,178933@SQDE3796
31,Erny,,1996-11-17,Female,14081,IA7354,Managed foreground portal,District of Columbia,Washington,87220 Nevada Point,88,20530,near Red light,ebowlesworthu@harvard.edu,+1-202-276-8725,+1-202-254-2299,661158,NDTO7012,661158@NDTO7012
32,Helge,Saturley,1962-05-08,Male,10521,WP3779,Total 24/7 framework,Louisiana,Baton Rouge,27048 Bluejay Center,57,70815,near School,hsaturleyv@deviantart.com,+1-225-272-6530,,214447,OJTL9080,214447@OJTL9080
33,Vasily,Aldridge,1967-12-29,Male,13429,WO8029,Inverse coherent firmware,Minnesota,Saint Paul,2755 Cambridge Lane,93,55114,,valdridgew@mayoclinic.com,+1-612-103-0138,+1-406-307-9549,747123,YNEN1443,747123@YNEN1443
34,Hamish,,1997-09-09,Female,13510,ZW5871,Versatile responsive project,Ohio,Cincinnati,810 Leroy Point,75,45233,,hmccumeskyx@umich.edu,+1-513-256-8665,,811241,TIW5244,811241@TIW5244
35,Hardy,MacGarrity,1996-11-30,Female,10489,MA0587,Extended contextually-based encryption,Ohio,Canton,71392 Kipling Crossing,62,44720,near Daily Market entry,hmacgarrityy@usa.gov,+1-234-366-3982,,643593,XU1286,643593@XU1286
36,Madlen,Spacie,1966-11-05,Male,10874,YK0191,Stand-alone optimal structure,Kansas,Wichita,8 Mallory Avenue,29,67205,,mspaciez@facebook.com,+1-316-571-5937,+1-304-161-0580,535282,TAX3487,535282@TAX3487
37,Raddy,Iliff,1960-09-29,Male,10252,ZG1069,Intuitive impactful task-force,Connecticut,Hartford,1 Nevada Parkway,76,6160,near School,riliff10@meetup.com,+1-860-453-2185,+1-325-435-9153,224201,BG1588,224201@BG1588
38,Roxy,Shard,1984-11-17,Male,14389,WQ1140,Digitized secondary focus group,Tennessee,Knoxville,703 La Follette Crossing,61,37924,,rshard11@sphinn.com,+1-865-350-8583,,859490,FGW4400,859490@FGW4400
39,Miner,,1991-09-26,Male,11055,TC0047,Optional user-facing implementation,Ohio,Columbus,288 Comanche Alley,64,43220,near Red light,mheijne12@tripadvisor.com,+1-614-538-4571,,734120,JYQ6857,734120@JYQ6857
40,Philippine,Pedrazzi,1982-10-27,Other,13073,AZ4233,Compatible system-worthy approach,Michigan,Grand Rapids,5 Orin Way,71,49518,,ppedrazzi13@umn.edu,+1-616-949-0020,,563159,CIL0171,563159@CIL0171
41,Gard,Iiannone,1988-06-08,Female,12094,IA5206,Robust even-keeled productivity,Oklahoma,Oklahoma City,8989 Cody Circle,29,73135,near School,giiannone14@ucoz.ru,+1-405-939-5931,,267026,GFJC7438,267026@GFJC7438
42,Abigale,Pargetter,1964-06-11,Female,13822,AJ7937,Up-sized content-based portal,California,Hayward,3 Lotheville Junction,73,94544,near Red light,apargetter15@odnoklassniki.ru,+1-925-706-8667,,452490,NEID8212,452490@NEID8212
43,Faulkner,Najafian,1997-10-21,Male,10138,UY1885,Monitored zero administration data-warehouse,Texas,Spring,6 Mesta Terrace,56,77386,near Metro,fnajafian16@mysql.com,+1-832-635-6356,,391857,WA4181,391857@WA4181
44,Vidovic,,1977-11-17,Male,12146,UH0163,Synergized global contingency,Florida,Hollywood,7705 Mccormick Lane,7,33023,near Metro,vmainds17@ustream.tv,+1-954-379-9235,,187075,PVH5145,187075@PVH5145
45,Goraud,Edeler,1985-03-07,Other,11963,KT1933,Configurable dedicated collaboration,Missouri,Springfield,520 Coolidge Street,10,65810,near Daily Market entry,gedeler18@nydailynews.com,+1-417-238-8645,,433748,PPN2793,433748@PPN2793
46,Maxim,Wingrove,1992-04-23,Male,12334,KN6725,Decentralized interactive challenge,Alaska,Fairbanks,644 Heath Center,19,99709,near Daily Market entry,mwingrove19@google.es,+1-907-698-8370,,619927,FP7736,619927@FP7736
47,Jamal,Katz,1968-07-16,Male,10660,WU6055,Configurable content-based alliance,Washington,Seattle,37 Lake View Alley,68,98158,,jkatz1a@tripadvisor.com,+1-360-198-3951,,638863,DAC8419,638863@DAC8419
48,Jayson,,1979-12-27,Male,13358,DW8799,Triple-buffered responsive focus group,Massachusetts,Boston,186 Stang Road,3,2163,near Daily Market entry,jstrelitz1b@ucsd.edu,+1-857-737-1885,,732147,MZ8820,732147@MZ8820
49,Sashenka,Colston,1980-08-31,Male,13325,QX0993,Right-sized systemic encryption,Georgia,Atlanta,3 Hauk Street,36,30340,,scolston1c@businesswire.com,+1-678-774-8931,,784929,VWD2185,784929@VWD2185
50,Alexandre,Zohrer,1975-02-11,Female,14455,LP3657,Open-architected user-facing hierarchy,Connecticut,Norwalk,560 Sauthoff Point,62,6859,near School,azohrer1d@lulu.com,+1-203-253-7447,,849168,OX0857,849168@OX0857
51,Ronald,Blundon,1980-03-23,Other,11520,UE5534,Pre-emptive impactful secured line,Nevada,Las Vegas,1 Mitchell Lane,8,89150,near Metro,rblundon1e@de.vu,+1-702-264-5725,+1-808-920-5441,789811,TD6499,789811@TD6499
52,Robbert,Epinoy,1979-05-02,Female,12113,RW9829,Future-proofed real-time internet solution,Texas,Katy,625 Annamark Circle,17,77493,,repinoy1f@1688.com,+1-281-867-6668,,909459,DR1830,909459@DR1830
53,Dennet,Skain,1997-12-29,Female,11172,QJ0466,Up-sized tangible model,District of Columbia,Washington,93 Old Gate Alley,41,20580,,dskain1g@jimdo.com,+1-202-587-3964,,568729,VBE4771,568729@VBE4771
54,Nesta,,1998-11-11,Female,14698,QZ6539,Polarised client-driven function,New York,Rochester,68 Lakewood Road,93,14614,near School,nlaister1h@vistaprint.com,+1-585-340-5790,,551422,HMQQ3976,551422@HMQQ3976
55,Giraldo,,1971-01-25,Female,12467,ON0640,Ameliorated bandwidth-monitored neural-net,Ohio,Canton,71234 Spaight Circle,29,44760,,gbett1i@noaa.gov,+1-330-563-2055,+1-239-441-8404,676369,ZT0470,676369@ZT0470
56,Myrtia,Peachment,1987-11-22,Female,10200,AF8791,Customer-focused 3rd generation parallelism,California,Pasadena,8 Donald Avenue,55,91131,near Daily Market entry,mpeachment1j@bing.com,+1-626-386-0034,,746591,IRUN2914,746591@IRUN2914
57,Beret,Ciottoi,1972-11-16,Female,14188,GY3530,Up-sized impactful customer loyalty,Nebraska,Omaha,0 Mockingbird Crossing,55,68110,,bciottoi1k@engadget.com,+1-402-281-5696,+1-910-116-2622,957487,TNZ8404,957487@TNZ8404
58,Butch,Figgess,1997-04-23,Female,11463,LN0746,Reactive clear-thinking collaboration,Ohio,Cincinnati,7210 Pawling Crossing,41,45238,near Station,bfiggess1l@yale.edu,+1-513-115-7639,,123310,VDJ4432,123310@VDJ4432
59,Tony,Oventon,1996-11-12,Male,12686,UI4222,Focused zero defect website,Texas,Dallas,56 Packers Point,37,75287,,toventon1m@list-manage.com,+1-469-154-3060,,479439,DL4387,479439@DL4387
60,Harland,Acutt,1965-01-08,Female,14665,PP9108,Multi-channelled mission-critical challenge,District of Columbia,Washington,26451 Harbort Place,21,20430,near Metro,hacutt1n@princeton.edu,+1-202-448-0106,,829589,KW6968,829589@KW6968
61,Suellen,Vorley,1993-12-09,Female,11240,OU6429,Vision-oriented 6th generation standardization,North Carolina,Winston Salem,79 Armistice Park,86,27110,,svorley1o@prweb.com,+1-336-118-4422,+1-202-647-3662,993049,HH4667,993049@HH4667
62,Rebbecca,Channon,1965-02-01,Female,10386,UN0976,Reverse-engineered non-volatile alliance,South Dakota,Sioux Falls,0 2nd Parkway,29,57105,near Station,rchannon1p@sogou.com,+1-605-673-9626,,794377,SL3333,794377@SL3333
63,Teodoor,Halliwell,1988-11-20,Male,14032,BY2698,Cross-group contextually-based access,North Carolina,Charlotte,778 Meadow Valley Alley,2,28272,,thalliwell1q@cdc.gov,+1-704-928-4487,+1-209-726-1628,680852,UN7724,680852@UN7724
64,Ami,Meldon,1996-03-10,Male,14953,DA9779,Exclusive non-volatile software,Michigan,Detroit,5 Coolidge Avenue,77,48258,,ameldon1r@forbes.com,+1-313-147-3023,,488511,HBRA0935,488511@HBRA0935
65,Merrill,Greatbach,1979-10-04,Other,14679,NX4079,Quality-focused coherent utilisation,Georgia,Atlanta,2470 Duke Hill,98,31190,near Station,mgreatbach1s@sphinn.com,+1-404-125-4122,,255825,ZUOU7307,255825@ZUOU7307
66,Pet,,1981-12-02,Male,12475,NZ6491,Self-enabling scalable portal,California,Whittier,5534 Butterfield Junction,69,90610,near Metro,phenriet1t@google.com.hk,+1-562-768-3574,+1-305-415-1360,165166,DXB0605,165166@DXB0605
67,Malanie,,1969-06-09,Male,14615,BY9816,Programmable 24 hour project,Minnesota,Minneapolis,24049 Hanson Crossing,60,55423,near Station,mquakley1u@t-online.de,+1-612-669-8096,,339662,EAA4755,339662@EAA4755
68,Ula,,1986-06-06,Other,12423,YI5809,Object-based upward-trending functionalities,Texas,San Antonio,2642 Pawling Place,28,78260,,ulidgard1v@ftc.gov,+1-830-446-5335,,892120,DU3889,892120@DU3889
69,Kriste,D'Onisi,1975-12-26,Female,14177,GV0260,Self-enabling cohesive open system,Texas,Temple,38 Vidon Circle,58,76505,near Daily Market entry,kdonisi1w@cdbaby.com,+1-254-868-4841,+1-916-356-8489,286860,SYAJ3370,286860@SYAJ3370
70,Lindon,Yakovl,1966-04-16,Male,12024,PD3174,Customer-focused asynchronous instruction set,Missouri,Saint Louis,490 Kennedy Circle,64,63158,near Red light,lyakovl1x@utexas.edu,+1-314-829-1211,+1-503-123-2782,330775,YPC9338,330775@YPC9338
71,Marietta,Wilkerson,1991-09-13,Other,13174,JS4477,Enterprise-wide motivating hierarchy,Missouri,Kansas City,43227 Northview Way,93,64109,,mwilkerson1y@bandcamp.com,+1-816-498-5114,,948437,BL3908,948437@BL3908
72,Rhoda,,1964-04-01,Other,12089,AD1751,Polarised mobile encoding,District of Columbia,Washington,279 Bashford Street,94,20551,near Metro,rjuza1z@whitehouse.gov,+1-202-561-9834,,972903,RID9205,972903@RID9205
73,Dorena,Frostdicke,1982-07-15,Male,10193,SX6984,Mandatory maximized circuit,Texas,Wichita Falls,4 Pennsylvania Road,70,76310,,dfrostdicke20@stanford.edu,+1-940-941-5820,,470523,EGWT2745,470523@EGWT2745
74,Paddy,Rebeiro,1987-04-22,Male,11976,SC1900,Digitized bifurcated open system,Pennsylvania,Pittsburgh,6 Spohn Way,29,15261,near School,prebeiro21@booking.com,+1-412-752-3984,,830736,SV4452,830736@SV4452
75,Beatrisa,Lunney,1965-11-11,Other,14781,GK2022,Extended zero tolerance array,Virginia,Newport News,0034 Dixon Avenue,12,23612,,blunney22@quantcast.com,+1-757-645-8401,,792375,ZIZC4261,792375@ZIZC4261
76,Sophia,Diter,1982-07-25,Female,14021,CM0286,Multi-layered zero administration infrastructure,California,Los Angeles,84 Badeau Crossing,74,90005,near School,sditer23@bbc.co.uk,+1-213-440-9652,+1-618-366-5753,925249,UVS2208,925249@UVS2208
77,Elissa,,1967-11-28,Male,10876,LT7754,Optional zero defect function,Arizona,Apache Junction,9 Pleasure Court,73,85219,,egaffer24@qq.com,+1-480-986-7971,,779074,LBX2513,779074@LBX2513
78,Stewart,Le Brun,1977-11-01,Male,10209,TD3764,Proactive multimedia database,New York,Bronx,20 Heffernan Road,32,10469,,slebrun25@springer.com,+1-718-248-9603,,728178,FV9487,728178@FV9487
79,Franz,Bride,1999-04-28,Male,10847,GA9990,Integrated solution-oriented implementation,District of Columbia,Washington,715 Tennyson Street,72,20051,,fbride26@va.gov,+1-202-375-5443,+1-816-480-0214,191143,FH0956,191143@FH0956
80,Adena,Wilne,1984-02-10,Female,10834,YF9195,Open-architected neutral solution,North Carolina,Durham,09946 Meadow Valley Street,72,27717,,awilne27@economist.com,+1-919-356-3873,+1-850-424-2668,984525,BQDD1835,984525@BQDD1835
81,Tarah,,1979-04-30,Male,11219,AR3140,Up-sized empowering parallelism,Virginia,Richmond,284 Rieder Crossing,69,23289,,tvanyakin28@mac.com,+1-804-732-1562,,231251,NEAL1550,231251@NEAL1550
82,Lief,Martinello,1980-06-09,Male,14061,II5348,Seamless 4th generation info-mediaries,Iowa,Des Moines,9 Division Lane,67,50315,near Station,lmartinello29@zimbio.com,+1-515-230-8478,+1-570-946-8572,552610,WG7065,552610@WG7065
83,Gwyn,Gilliat,1978-04-20,Female,12578,YV8741,Multi-layered directional info-mediaries,District of Columbia,Washington,25684 Waubesa Way,79,20036,,ggilliat2a@chron.com,+1-202-980-6327,,896202,VWJ1444,896202@VWJ1444
84,Roman,Zuppa,1997-04-14,Other,13529,NX0105,Face to face content-based flexibility,California,Glendale,90 Harper Pass,76,91205,near Metro,rzuppa2b@slideshare.net,+1-818-197-3671,+1-410-214-6276,524360,JQOX4864,524360@JQOX4864
85,Addi,Hudel,1999-06-17,Male,11603,NI6479,Reactive contextually-based superstructure,Virginia,Richmond,7 Portage Junction,71,23285,near Metro,ahudel2c@naver.com,+1-804-704-6554,+1-407-413-0450,685955,XRO6933,685955@XRO6933
86,Milt,Calverd,1988-11-15,Male,10488,VT6297,Cross-group context-sensitive methodology,Nebraska,Omaha,6237 Veith Center,70,68105,near Red light,mcalverd2d@statcounter.com,+1-402-909-2122,+1-615-435-5835,492289,HI2942,492289@HI2942
87,Carmelle,Vigus,1979-04-12,Male,11344,AW2973,Horizontal stable hardware,Massachusetts,Boston,1738 Dovetail Point,82,2298,,cvigus2e@is.gd,+1-617-126-7547,,596912,LPMF8742,596912@LPMF8742
88,Petrina,Aldam,1992-03-22,Female,12637,OK2725,Inverse disintermediate solution,Texas,Huntsville,81 Center Way,71,77343,,paldam2f@amazon.com,+1-936-238-7208,,612070,GBJ2160,612070@GBJ2160
89,Frankie,Mascall,1967-08-17,Female,13284,CJ2250,Re-contextualized optimizing secured line,New York,Jamaica,07100 Loomis Hill,85,11447,near Daily Market entry,fmascall2g@tamu.edu,+1-917-396-2614,,140178,GMH4069,140178@GMH4069
90,Alano,Hospital,1983-01-09,Female,10269,QS0827,Profound coherent focus group,Pennsylvania,Pittsburgh,24 Delladonna Alley,42,15240,,ahospital2h@flavors.me,+1-412-136-0960,,888883,MF7250,888883@MF7250
91,Niki,Keri,1996-03-23,Female,11770,JK9053,Multi-lateral needs-based moderator,Louisiana,Metairie,9 Bunker Hill Road,32,70005,near Daily Market entry,nkeri2i@people.com.cn,+1-504-786-7891,,219805,CDZV0500,219805@CDZV0500
92,Hilliary,Flucker,1967-02-15,Male,10598,QG6532,Universal transitional knowledge user,Oregon,Portland,39 John Wall Circle,30,97221,,hflucker2j@walmart.com,+1-503-774-6385,,509800,GBY3778,509800@GBY3778
93,Tory,Alsop,1984-04-20,Male,11333,PZ6943,Triple-buffered systemic flexibility,Florida,Tampa,1478 Transport Trail,38,33615,,talsop2k@digg.com,+1-813-401-0817,,762261,JS4397,762261@JS4397
94,Elyssa,Hazeldean,1964-08-21,Female,12475,GF9745,Switchable 24 hour protocol,Idaho,Boise,8 Riverside Park,66,83711,,ehazeldean2l@people.com.cn,+1-208-382-5215,,374794,FHXJ0114,374794@FHXJ0114
95,La verne,Beers,1979-04-18,Female,10217,LC9373,Customer-focused cohesive strategy,Tennessee,Memphis,9 Artisan Junction,65,38150,,lbeers2m@hc360.com,+1-901-707-4274,+1-785-617-4322,855215,UUG5477,855215@UUG5477
96,Gabrielle,Botley,1989-10-03,Male,11911,JP7149,Enhanced composite methodology,Indiana,Evansville,3173 Elka Place,13,47712,,gbotley2n@goodreads.com,+1-812-494-8593,,985155,XRX6371,985155@XRX6371
97,Torrie,Nibloe,1968-01-31,Female,10437,ZP4565,Innovative grid-enabled implementation,Virginia,Fairfax,927 Northview Alley,33,22036,near Red light,tnibloe2o@histats.com,+1-571-451-1027,,838654,MWX3597,838654@MWX3597
98,Gleda,Swaton,1983-02-10,Male,10968,CM6647,Implemented coherent extranet,Utah,Ogden,3 Muir Alley,41,84409,near Daily Market entry,gswaton2p@wisc.edu,+1-801-961-6934,,403208,OQ4820,403208@OQ4820
99,Bertie,DelaField,1988-07-31,Male,12995,IJ9872,Streamlined bifurcated task-force,Kentucky,Lexington,51006 Hazelcrest Parkway,78,40576,,bdelafield2q@yelp.com,+1-859-861-6607,,461512,HNRB8378,461512@HNRB8378
100,Esther,Roomes,1979-05-03,Female,10047,DP4299,Diverse disintermediate encryption,West Virginia,Charleston,4 American Ash Avenue,24,25362,near Red light,eroomes2r@sina.com.cn,+1-304-759-3850,+1-305-349-2909,968590,GR6902,968590@GR6902